ticker,hist_volatility,sharpe_ratio,max_drawdown,stddev_returns,value_at_risk,avg_volume_30d,volume_growth,turnover_ratio,bid_ask_spread
COOP,,,,,,,,,
XYL,,,,,,,,,
MBI,,,,,,,,,
MAR,,,,,,,,,
ALSN,,,,,,,,,
DHC,,,,,,,,,
AVA,,,,,,,,,
BBAI,,,,,,,,,
ATI,,,,,,,,,
AWR,,,,,,,,,
TOL,,,,,,,,,
CABO,,,,,,,,,
VTS,,,,,,,,,
DHT,,,,,,,,,
APAM,,,,,,,,,
RDFN,,,,,,,,,
CNR,,,,,,,,,
KREF,,,,,,,,,
CMI,,,,,,,,,
IART,,,,,,,,,
CCB,,,,,,,,,
CVNA,,,,,,,,,
PPTA,,,,,,,,,
ANGI,,,,,,,,,
UMBF,,,,,,,,,
ANDE,,,,,,,,,
DFH,,,,,,,,,
SNBR,,,,,,,,,
SEI,,,,,,,,,
VTRS,,,,,,,,,
NVST,,,,,,,,,
TRST,,,,,,,,,
TAP,,,,,,,,,
HGV,,,,,,,,,
OBK,,,,,,,,,
EWBC,,,,,,,,,
HEI,,,,,,,,,
CHPT,,,,,,,,,
SSD,,,,,,,,,
VSAT,,,,,,,,,
VMEO,,,,,,,,,
AKAM,,,,,,,,,
KRRO,,,,,,,,,
BRSP,,,,,,,,,
AKBA,,,,,,,,,
MTD,,,,,,,,,
ALEC,,,,,,,,,
FRME,,,,,,,,,
BFAM,,,,,,,,,
ACAD,,,,,,,,,
ON,,,,,,,,,
WOOF,,,,,,,,,
NEO,,,,,,,,,
BSX,,,,,,,,,
USB,,,,,,,,,
MQ,,,,,,,,,
IBM,,,,,,,,,
PLD,,,,,,,,,
EVR,,,,,,,,,
NNOX,,,,,,,,,
EVGO,,,,,,,,,
CECO,,,,,,,,,
FOUR,,,,,,,,,
UNIT,,,,,,,,,
LBRDA,,,,,,,,,
OTLK,,,,,,,,,
INN,,,,,,,,,
TSLA,,,,,,,,,
AMBP,,,,,,,,,
AR,,,,,,,,,
IESC,,,,,,,,,
KTB,,,,,,,,,
PZZA,,,,,,,,,
IBTA,,,,,,,,,
RIVN,,,,,,,,,
BHE,,,,,,,,,
POWI,,,,,,,,,
WH,,,,,,,,,
EXPI,,,,,,,,,
EOG,,,,,,,,,
XPEL,,,,,,,,,
BHR,,,,,,,,,
BORR,,,,,,,,,
AVBP,,,,,,,,,
RKLB,,,,,,,,,
LIN,,,,,,,,,
VERX,,,,,,,,,
ITW,,,,,,,,,
XP,,,,,,,,,
CPNG,,,,,,,,,
MRTN,,,,,,,,,
LKQ,,,,,,,,,
RGTI,,,,,,,,,
CGON,,,,,,,,,
MGNX,,,,,,,,,
AVNS,,,,,,,,,
FFIC,,,,,,,,,
PTON,,,,,,,,,
NSC,,,,,,,,,
PATK,,,,,,,,,
WFRD,,,,,,,,,
NRG,,,,,,,,,
OFIX,,,,,,,,,
PFSI,,,,,,,,,
NPO,,,,,,,,,
ROK,,,,,,,,,
UA,,,,,,,,,
VZ,,,,,,,,,
GTN,,,,,,,,,
WDFC,,,,,,,,,
BKH,,,,,,,,,
EMN,,,,,,,,,
GTY,,,,,,,,,
SAFT,,,,,,,,,
PTC,,,,,,,,,
AXON,,,,,,,,,
NKE,,,,,,,,,
TMDX,,,,,,,,,
MRNA,,,,,,,,,
JBHT,,,,,,,,,
NUVL,,,,,,,,,
HSII,,,,,,,,,
WGS,,,,,,,,,
MBIN,,,,,,,,,
NHI,,,,,,,,,
AS,,,,,,,,,
INO,,,,,,,,,
CL,,,,,,,,,
CLDT,,,,,,,,,
VRDN,,,,,,,,,
TSCO,,,,,,,,,
CRBP,,,,,,,,,
LC,,,,,,,,,
GNW,,,,,,,,,
CRCT,,,,,,,,,
IIIV,,,,,,,,,
ASGN,,,,,,,,,
PACB,,,,,,,,,
VIRT,,,,,,,,,
BOKF,,,,,,,,,
URG,,,,,,,,,
LLYVK,,,,,,,,,
MP,,,,,,,,,
BSY,,,,,,,,,
ABR,,,,,,,,,
NTRS,,,,,,,,,
FLGT,,,,,,,,,
ZWS,,,,,,,,,
BIGC,,,,,,,,,
FIZZ,,,,,,,,,
ACA,,,,,,,,,
TRGP,,,,,,,,,
IDYA,,,,,,,,,
FIVN,,,,,,,,,
FIS,,,,,,,,,
ANF,,,,,,,,,
ARAY,,,,,,,,,
TREX,,,,,,,,,
FICO,,,,,,,,,
FIBK,,,,,,,,,
MANH,,,,,,,,,
APOG,,,,,,,,,
OUT,,,,,,,,,
EWTX,,,,,,,,,
ELAN,,,,,,,,,
UFPI,,,,,,,,,
SKT,,,,,,,,,
NTGR,,,,,,,,,
SHO,,,,,,,,,
CMCSA,,,,,,,,,
CNS,,,,,,,,,
VTR,,,,,,,,,
EEFT,,,,,,,,,
XYZ,,,,,,,,,
MAS,,,,,,,,,
AVB,,,,,,,,,
VVX,,,,,,,,,
PRAA,,,,,,,,,
TMP,,,,,,,,,
TNK,,,,,,,,,
MCY,,,,,,,,,
DIS,,,,,,,,,
DGX,,,,,,,,,
CDRE,,,,,,,,,
PRMB,,,,,,,,,
YELP,,,,,,,,,
DOCN,,,,,,,,,
ALIT,,,,,,,,,
FHB,,,,,,,,,
HNST,,,,,,,,,
HLIO,,,,,,,,,
WING,,,,,,,,,
SSP,,,,,,,,,
KYMR,,,,,,,,,
AMH,,,,,,,,,
TWI,,,,,,,,,
COTY,,,,,,,,,
ALL,,,,,,,,,
HNRG,,,,,,,,,
HII,,,,,,,,,
ABG,,,,,,,,,
LWLG,,,,,,,,,
CCOI,,,,,,,,,
ORLY,,,,,,,,,
CTOS,,,,,,,,,
MTG,,,,,,,,,
ACT,,,,,,,,,
ZYXI,,,,,,,,,
LESL,,,,,,,,,
NI,,,,,,,,,
POOL,,,,,,,,,
CRAI,,,,,,,,,
ACCO,,,,,,,,,
ETN,,,,,,,,,
TTEK,,,,,,,,,
TTGT,,,,,,,,,
NWBI,,,,,,,,,
PMT,,,,,,,,,
TDOC,,,,,,,,,
BJ,,,,,,,,,
FOXA,,,,,,,,,
GBTG,,,,,,,,,
CELC,,,,,,,,,
PCH,,,,,,,,,
WEN,,,,,,,,,
LPX,,,,,,,,,
SSNC,,,,,,,,,
BCPC,,,,,,,,,
LSTR,,,,,,,,,
PSFE,,,,,,,,,
VNOM,,,,,,,,,
QGEN,,,,,,,,,
WK,,,,,,,,,
MKTX,,,,,,,,,
WSC,,,,,,,,,
BHF,,,,,,,,,
FOLD,,,,,,,,,
LEN,,,,,,,,,
GLOB,,,,,,,,,
GWW,,,,,,,,,
SAGE,,,,,,,,,
CINF,,,,,,,,,
TG,,,,,,,,,
WST,,,,,,,,,
NRGV,,,,,,,,,
DINO,,,,,,,,,
TCRX,,,,,,,,,
KMT,,,,,,,,,
ECG,,,,,,,,,
FFIV,,,,,,,,,
EBC,,,,,,,,,
ITT,,,,,,,,,
CRWD,,,,,,,,,
RELY,,,,,,,,,
LCID,,,,,,,,,
CNDT,,,,,,,,,
NSA,,,,,,,,,
AAON,,,,,,,,,
KNX,,,,,,,,,
GXO,,,,,,,,,
KLG,,,,,,,,,
SCSC,,,,,,,,,
GPRO,,,,,,,,,
HALO,,,,,,,,,
PATH,,,,,,,,,
KMB,,,,,,,,,
META,,,,,,,,,
ACTG,,,,,,,,,
ZM,,,,,,,,,
AMWD,,,,,,,,,
PVH,,,,,,,,,
PAYO,,,,,,,,,
GLNG,,,,,,,,,
LXRX,,,,,,,,,
ILMN,,,,,,,,,
PAYX,,,,,,,,,
ACMR,,,,,,,,,
BK,,,,,,,,,
WEX,,,,,,,,,
WFC,,,,,,,,,
MD,,,,,,,,,
IAC,,,,,,,,,
EVER,,,,,,,,,
HTBK,,,,,,,,,
REYN,,,,,,,,,
MYRG,,,,,,,,,
INOD,,,,,,,,,
NEM,,,,,,,,,
LW,,,,,,,,,
MS,,,,,,,,,
SPRY,,,,,,,,,
OMF,,,,,,,,,
NTST,,,,,,,,,
TXG,,,,,,,,,
PRTA,,,,,,,,,
ROCK,,,,,,,,,
OLED,,,,,,,,,
SUNS,,,,,,,,,
PBPB,,,,,,,,,
FIP,,,,,,,,,
YEXT,,,,,,,,,
AGYS,,,,,,,,,
TTD,,,,,,,,,
BYND,,,,,,,,,
CUZ,,,,,,,,,
VMD,,,,,,,,,
PROK,,,,,,,,,
JOBY,,,,,,,,,
QTRX,,,,,,,,,
TBI,,,,,,,,,
CAH,,,,,,,,,
HRB,,,,,,,,,
HQY,,,,,,,,,
MMS,,,,,,,,,
ANET,,,,,,,,,
PRCH,,,,,,,,,
KNTK,,,,,,,,,
BLNK,,,,,,,,,
AVT,,,,,,,,,
CNP,,,,,,,,,
CACI,,,,,,,,,
SNOW,,,,,,,,,
CLX,,,,,,,,,
COMM,,,,,,,,,
MCO,,,,,,,,,
DHR,,,,,,,,,
COP,,,,,,,,,
MAC,,,,,,,,,
ATO,,,,,,,,,
SJW,,,,,,,,,
MCK,,,,,,,,,
CNC,,,,,,,,,
COLM,,,,,,,,,
MAT,,,,,,,,,
OZK,,,,,,,,,
CAL,,,,,,,,,
VSTS,,,,,,,,,
SIGI,,,,,,,,,
GMED,,,,,,,,,
CCS,,,,,,,,,
AXL,,,,,,,,,
OWL,,,,,,,,,
MOH,,,,,,,,,
ANGO,,,,,,,,,
NMRA,,,,,,,,,
PLSE,,,,,,,,,
MYE,,,,,,,,,
SSB,,,,,,,,,
DSGR,,,,,,,,,
BLUE,,,,,,,,,
KIDS,,,,,,,,,
MTB,,,,,,,,,
FDS,,,,,,,,,
DAVE,,,,,,,,,
TXT,,,,,,,,,
VAC,,,,,,,,,
HHH,,,,,,,,,
ALGM,,,,,,,,,
NXDT,,,,,,,,,
MATV,,,,,,,,,
MLKN,,,,,,,,,
KMPR,,,,,,,,,
NFE,,,,,,,,,
TOST,,,,,,,,,
STEP,,,,,,,,,
EVC,,,,,,,,,
USD,,,,,,,,,
FMBH,,,,,,,,,
AMBA,,,,,,,,,
BX,,,,,,,,,
PAR,,,,,,,,,
PBI,,,,,,,,,
BTSG,,,,,,,,,
PCTY,,,,,,,,,
CRNC,,,,,,,,,
ETSY,,,,,,,,,
STKL,,,,,,,,,
AMCR,,,,,,,,,
HTLD,,,,,,,,,
ROL,,,,,,,,,
REAL,,,,,,,,,
GNTX,,,,,,,,,
AZTA,,,,,,,,,
WY,,,,,,,,,
ENR,,,,,,,,,
OABI,,,,,,,,,
CPAY,,,,,,,,,
EXPO,,,,,,,,,
KAR,,,,,,,,,
WRB,,,,,,,,,
GVA,,,,,,,,,
RMD,,,,,,,,,
BFH,,,,,,,,,
ZI,,,,,,,,,
NRIX,,,,,,,,,
MGNI,,,,,,,,,
EBF,,,,,,,,,
VBTX,,,,,,,,,
LII,,,,,,,,,
STRO,,,,,,,,,
SSTI,,,,,,,,,
ESNT,,,,,,,,,
FANG,,,,,,,,,
AVNT,,,,,,,,,
KLC,,,,,,,,,
EVRI,,,,,,,,,
PCOR,,,,,,,,,
RNST,,,,,,,,,
AMTM,,,,,,,,,
TT,,,,,,,,,
KBH,,,,,,,,,
ENS,,,,,,,,,
RMR,,,,,,,,,
SAFE,,,,,,,,,
IIPR,,,,,,,,,
SCHL,,,,,,,,,
AMAL,,,,,,,,,
CENX,,,,,,,,,
PBH,,,,,,,,,
ZVRA,,,,,,,,,
BCRX,,,,,,,,,
BY,,,,,,,,,
ACLS,,,,,,,,,
PHIN,,,,,,,,,
OI,,,,,,,,,
BHLB,,,,,,,,,
VEEV,,,,,,,,,
MNRO,,,,,,,,,
BATRK,,,,,,,,,
LADR,,,,,,,,,
PACS,,,,,,,,,
MA,,,,,,,,,
JPM,,,,,,,,,
AROC,,,,,,,,,
MATW,,,,,,,,,
UCTT,,,,,,,,,
PNFP,,,,,,,,,
OLP,,,,,,,,,
GOGO,,,,,,,,,
ARLO,,,,,,,,,
FWRD,,,,,,,,,
TNYA,,,,,,,,,
OMC,,,,,,,,,
ABT,,,,,,,,,
ARMK,,,,,,,,,
ENOV,,,,,,,,,
ALHC,,,,,,,,,
AOS,,,,,,,,,
SIRI,,,,,,,,,
CVS,,,,,,,,,
SBAC,,,,,,,,,
XFOR,,,,,,,,,
DEC,,,,,,,,,
HST,,,,,,,,,
PRLB,,,,,,,,,
PENG,,,,,,,,,
MLR,,,,,,,,,
SPHR,,,,,,,,,
ARWR,,,,,,,,,
AYI,,,,,,,,,
COF,,,,,,,,,
BWXT,,,,,,,,,
COLL,,,,,,,,,
DOLE,,,,,,,,,
ALRM,,,,,,,,,
AIOT,,,,,,,,,
WEAV,,,,,,,,,
JJSF,,,,,,,,,
AGCO,,,,,,,,,
ENVA,,,,,,,,,
CLH,,,,,,,,,
AVD,,,,,,,,,
RMNI,,,,,,,,,
ANIP,,,,,,,,,
NMIH,,,,,,,,,
MMC,,,,,,,,,
CBT,,,,,,,,,
DEA,,,,,,,,,
SRRK,,,,,,,,,
SEPN,,,,,,,,,
SRPT,,,,,,,,,
HRTG,,,,,,,,,
TWO,,,,,,,,,
DRH,,,,,,,,,
PPBI,,,,,,,,,
AMN,,,,,,,,,
VNO,,,,,,,,,
ARCB,,,,,,,,,
TTC,,,,,,,,,
SRE,,,,,,,,,
FITB,,,,,,,,,
VMC,,,,,,,,,
MTAL,,,,,,,,,
CXM,,,,,,,,,
SWTX,,,,,,,,,
FDP,,,,,,,,,
RVLV,,,,,,,,,
BEPC,,,,,,,,,
ROAD,,,,,,,,,
CZR,,,,,,,,,
ITRI,,,,,,,,,
NFLX,,,,,,,,,
MUR,,,,,,,,,
ALGN,,,,,,,,,
MITK,,,,,,,,,
AVXL,,,,,,,,,
NX,,,,,,,,,
MC,,,,,,,,,
WKC,,,,,,,,,
IAS,,,,,,,,,
BRY,,,,,,,,,
GCT,,,,,,,,,
UNFI,,,,,,,,,
DELL,,,,,,,,,
OSIS,,,,,,,,,
NJR,,,,,,,,,
BL,,,,,,,,,
MPWR,,,,,,,,,
WSR,,,,,,,,,
UE,,,,,,,,,
BHVN,,,,,,,,,
WM,,,,,,,,,
POWL,,,,,,,,,
INVA,,,,,,,,,
REAX,,,,,,,,,
LDOS,,,,,,,,,
NRC,,,,,,,,,
LHX,,,,,,,,,
RCL,,,,,,,,,
HDSN,,,,,,,,,
IVZ,,,,,,,,,
SCPH,,,,,,,,,
BDC,,,,,,,,,
CBRE,,,,,,,,,
NSP,,,,,,,,,
SSTK,,,,,,,,,
CGNX,,,,,,,,,
DRVN,,,,,,,,,
STRL,,,,,,,,,
QBTS,,,,,,,,,
SHAK,,,,,,,,,
AAOI,,,,,,,,,
AVNW,,,,,,,,,
SOFI,,,,,,,,,
TW,,,,,,,,,
GBCI,,,,,,,,,
HOMB,,,,,,,,,
REVG,,,,,,,,,
RICK,,,,,,,,,
FOXF,,,,,,,,,
PAG,,,,,,,,,
EXEL,,,,,,,,,
CI,,,,,,,,,
AMBC,,,,,,,,,
AA,,,,,,,,,
PANW,,,,,,,,,
NN,,,,,,,,,
MU,,,,,,,,,
BRX,,,,,,,,,
VREX,,,,,,,,,
BMRC,,,,,,,,,
HOUS,,,,,,,,,
TXRH,,,,,,,,,
GNE,,,,,,,,,
CRBU,,,,,,,,,
UPBD,,,,,,,,,
BRO,,,,,,,,,
NFG,,,,,,,,,
AXTA,,,,,,,,,
GOGL,,,,,,,,,
MTW,,,,,,,,,
ONL,,,,,,,,,
NTRA,,,,,,,,,
RVMD,,,,,,,,,
AAL,,,,,,,,,
CYH,,,,,,,,,
FWRG,,,,,,,,,
VSCO,,,,,,,,,
CTO,,,,,,,,,
ALK,,,,,,,,,
CWT,,,,,,,,,
ARCT,,,,,,,,,
DRI,,,,,,,,,
PRME,,,,,,,,,
DDD,,,,,,,,,
BRKR,,,,,,,,,
CTVA,,,,,,,,,
CBU,,,,,,,,,
LULU,,,,,,,,,
DDS,,,,,,,,,
SEM,,,,,,,,,
TERN,,,,,,,,,
CHEF,,,,,,,,,
ONEW,,,,,,,,,
CNA,,,,,,,,,
SPGI,,,,,,,,,
HIMS,,,,,,,,,
CVBF,,,,,,,,,
TNL,,,,,,,,,
GTES,,,,,,,,,
ONIT,,,,,,,,,
MAA,,,,,,,,,
COR,,,,,,,,,
JBL,,,,,,,,,
AKRO,,,,,,,,,
LITE,,,,,,,,,
VST,,,,,,,,,
NTAP,,,,,,,,,
CDE,,,,,,,,,
NVTS,,,,,,,,,
NCMI,,,,,,,,,
MCFT,,,,,,,,,
OGS,,,,,,,,,
STC,,,,,,,,,
SWX,,,,,,,,,
QDEL,,,,,,,,,
ALLO,,,,,,,,,
FNB,,,,,,,,,
FUBO,,,,,,,,,
CRH,,,,,,,,,
ARES,,,,,,,,,
STT,,,,,,,,,
FRGE,,,,,,,,,
SITM,,,,,,,,,
CSL,,,,,,,,,
BWIN,,,,,,,,,
LGND,,,,,,,,,
LPLA,,,,,,,,,
MRP,,,,,,,,,
ADP,,,,,,,,,
ARKO,,,,,,,,,
TOWN,,,,,,,,,
EXLS,,,,,,,,,
RSG,,,,,,,,,
RRC,,,,,,,,,
SCCO,,,,,,,,,
KR,,,,,,,,,
HI,,,,,,,,,
MNTK,,,,,,,,,
THRD,,,,,,,,,
MIRM,,,,,,,,,
DNUT,,,,,,,,,
IFF,,,,,,,,,
KE,,,,,,,,,
YOU,,,,,,,,,
TMCI,,,,,,,,,
OTIS,,,,,,,,,
IGMS,,,,,,,,,
SATS,,,,,,,,,
INDB,,,,,,,,,
AAPL,,,,,,,,,
STNE,,,,,,,,,
PFS,,,,,,,,,
OMER,,,,,,,,,
INGN,,,,,,,,,
TMUS,,,,,,,,,
GKOS,,,,,,,,,
ST,,,,,,,,,
PRA,,,,,,,,,
DLTR,,,,,,,,,
PX,,,,,,,,,
IRT,,,,,,,,,
MBUU,,,,,,,,,
NEOG,,,,,,,,,
SSRM,,,,,,,,,
RDN,,,,,,,,,
ADUS,,,,,,,,,
KFRC,,,,,,,,,
TALK,,,,,,,,,
GRMN,,,,,,,,,
TTWO,,,,,,,,,
GRNT,,,,,,,,,
PSMT,,,,,,,,,
CERS,,,,,,,,,
GLDD,,,,,,,,,
BAH,,,,,,,,,
YUM,,,,,,,,,
VICI,,,,,,,,,
HOFT,,,,,,,,,
NWSA,,,,,,,,,
EGY,,,,,,,,,
VIAV,,,,,,,,,
EFSC,,,,,,,,,
PTEN,,,,,,,,,
SB,,,,,,,,,
GRAL,,,,,,,,,
H,,,,,,,,,
RF,,,,,,,,,
NYT,,,,,,,,,
POST,,,,,,,,,
BLX,,,,,,,,,
BOC,,,,,,,,,
BCBP,,,,,,,,,
MGRC,,,,,,,,,
IRWD,,,,,,,,,
BANF,,,,,,,,,
PDM,,,,,,,,,
GPOR,,,,,,,,,
FC,,,,,,,,,
PFE,,,,,,,,,
KSS,,,,,,,,,
DK,,,,,,,,,
LANC,,,,,,,,,
DUOL,,,,,,,,,
RYAN,,,,,,,,,
KALU,,,,,,,,,
SOUN,,,,,,,,,
KD,,,,,,,,,
WAFD,,,,,,,,,
EQT,,,,,,,,,
BOOM,,,,,,,,,
WMS,,,,,,,,,
IGT,,,,,,,,,
ATEC,,,,,,,,,
LYV,,,,,,,,,
PFBC,,,,,,,,,
VOYA,,,,,,,,,
VTOL,,,,,,,,,
UHAL,,,,,,,,,
DDOG,,,,,,,,,
ORIC,,,,,,,,,
CASS,,,,,,,,,
APPF,,,,,,,,,
VFC,,,,,,,,,
SPTN,,,,,,,,,
TROX,,,,,,,,,
HEES,,,,,,,,,
ALLY,,,,,,,,,
DUK,,,,,,,,,
AHR,,,,,,,,,
TPL,,,,,,,,,
TRS,,,,,,,,,
CRI,,,,,,,,,
SRCE,,,,,,,,,
AIV,,,,,,,,,
OGE,,,,,,,,,
ONTO,,,,,,,,,
PLTR,,,,,,,,,
DAN,,,,,,,,,
FIGS,,,,,,,,,
DAY,,,,,,,,,
NTLA,,,,,,,,,
UTHR,,,,,,,,,
OSW,,,,,,,,,
ITOS,,,,,,,,,
MODG,,,,,,,,,
PNTG,,,,,,,,,
ASO,,,,,,,,,
RXRX,,,,,,,,,
CMPR,,,,,,,,,
BEAM,,,,,,,,,
JCI,,,,,,,,,
KLIC,,,,,,,,,
LRCX,,,,,,,,,
LIVN,,,,,,,,,
APA,,,,,,,,,
CHE,,,,,,,,,
PLMR,,,,,,,,,
MFA,,,,,,,,,
ARI,,,,,,,,,
SPCE,,,,,,,,,
FRST,,,,,,,,,
TFC,,,,,,,,,
ARRY,,,,,,,,,
TEX,,,,,,,,,
IMAX,,,,,,,,,
DAL,,,,,,,,,
PUMP,,,,,,,,,
SNDR,,,,,,,,,
SCI,,,,,,,,,
USNA,,,,,,,,,
MTDR,,,,,,,,,
CSX,,,,,,,,,
ROKU,,,,,,,,,
SYRE,,,,,,,,,
HCI,,,,,,,,,
CPT,,,,,,,,,
DTM,,,,,,,,,
FOR,,,,,,,,,
OLLI,,,,,,,,,
AIT,,,,,,,,,
CRK,,,,,,,,,
CORZ,,,,,,,,,
PLXS,,,,,,,,,
WEST,,,,,,,,,
CVRX,,,,,,,,,
JWN,,,,,,,,,
SXC,,,,,,,,,
FCF,,,,,,,,,
XHR,,,,,,,,,
APPS,,,,,,,,,
BPMC,,,,,,,,,
HLF,,,,,,,,,
SXT,,,,,,,,,
SLDP,,,,,,,,,
ARIS,,,,,,,,,
RDVT,,,,,,,,,
AFL,,,,,,,,,
AOSL,,,,,,,,,
LXP,,,,,,,,,
ACEL,,,,,,,,,
EPR,,,,,,,,,
ESI,,,,,,,,,
CNXN,,,,,,,,,
BALL,,,,,,,,,
GEF,,,,,,,,,
PFG,,,,,,,,,
MGPI,,,,,,,,,
PGC,,,,,,,,,
HFWA,,,,,,,,,
ADMA,,,,,,,,,
INGM,,,,,,,,,
GE,,,,,,,,,
CPRI,,,,,,,,,
FA,,,,,,,,,
TFSL,,,,,,,,,
BAND,,,,,,,,,
SW,,,,,,,,,
RYTM,,,,,,,,,
EIG,,,,,,,,,
PL,,,,,,,,,
URGN,,,,,,,,,
RJF,,,,,,,,,
RS,,,,,,,,,
EHC,,,,,,,,,
PRU,,,,,,,,,
CWAN,,,,,,,,,
WTS,,,,,,,,,
UNH,,,,,,,,,
BMI,,,,,,,,,
J,,,,,,,,,
CGEM,,,,,,,,,
ACRE,,,,,,,,,
LMAT,,,,,,,,,
ETNB,,,,,,,,,
RGA,,,,,,,,,
NWPX,,,,,,,,,
STWD,,,,,,,,,
EMBC,,,,,,,,,
REI,,,,,,,,,
GBIO,,,,,,,,,
JBTM,,,,,,,,,
SCVL,,,,,,,,,
IPI,,,,,,,,,
ULCC,,,,,,,,,
BCC,,,,,,,,,
WSBF,,,,,,,,,
K,,,,,,,,,
RKT,,,,,,,,,
MKSI,,,,,,,,,
LAZR,,,,,,,,,
BOW,,,,,,,,,
LAD,,,,,,,,,
HMST,,,,,,,,,
AMRK,,,,,,,,,
PM,,,,,,,,,
CWBC,,,,,,,,,
AVPT,,,,,,,,,
KRC,,,,,,,,,
STNG,,,,,,,,,
NEWT,,,,,,,,,
GD,,,,,,,,,
RYAM,,,,,,,,,
EL,,,,,,,,,
KALV,,,,,,,,,
BANR,,,,,,,,,
NNI,,,,,,,,,
FARO,,,,,,,,,
LUV,,,,,,,,,
GS,,,,,,,,,
PHAT,,,,,,,,,
DH,,,,,,,,,
PHM,,,,,,,,,
ASAN,,,,,,,,,
LYB,,,,,,,,,
PII,,,,,,,,,
GIS,,,,,,,,,
MSA,,,,,,,,,
OKE,,,,,,,,,
VEL,,,,,,,,,
CART,,,,,,,,,
FBNC,,,,,,,,,
OHI,,,,,,,,,
SYF,,,,,,,,,
PEPG,,,,,,,,,
WYNN,,,,,,,,,
LILA,,,,,,,,,
KEYS,,,,,,,,,
SEAT,,,,,,,,,
CPB,,,,,,,,,
ARQT,,,,,,,,,
CTSH,,,,,,,,,
LRMR,,,,,,,,,
CFLT,,,,,,,,,
CDP,,,,,,,,,
MHK,,,,,,,,,
GCMG,,,,,,,,,
TNDM,,,,,,,,,
CHCT,,,,,,,,,
HWM,,,,,,,,,
KROS,,,,,,,,,
SPNT,,,,,,,,,
SLP,,,,,,,,,
ZIMV,,,,,,,,,
KNSL,,,,,,,,,
PRDO,,,,,,,,,
CDXS,,,,,,,,,
TKR,,,,,,,,,
HLVX,,,,,,,,,
HYLN,,,,,,,,,
VRE,,,,,,,,,
GDDY,,,,,,,,,
SLG,,,,,,,,,
SNX,,,,,,,,,
DNB,,,,,,,,,
CHD,,,,,,,,,
COHU,,,,,,,,,
ASH,,,,,,,,,
PUBM,,,,,,,,,
SLQT,,,,,,,,,
SMP,,,,,,,,,
FUN,,,,,,,,,
GDEN,,,,,,,,,
FIHL,,,,,,,,,
APD,,,,,,,,,
SMG,,,,,,,,,
DMRC,,,,,,,,,
IOVA,,,,,,,,,
ORC,,,,,,,,,
ABUS,,,,,,,,,
PRKS,,,,,,,,,
SBH,,,,,,,,,
SCL,,,,,,,,,
MKC,,,,,,,,,
MTSI,,,,,,,,,
TDY,,,,,,,,,
GSHD,,,,,,,,,
CAKE,,,,,,,,,
CEG,,,,,,,,,
SPOT,,,,,,,,,
OPK,,,,,,,,,
MHO,,,,,,,,,
IMVT,,,,,,,,,
STR,,,,,,,,,
HIPO,,,,,,,,,
FND,,,,,,,,,
CPF,,,,,,,,,
KIND,,,,,,,,,
ORGO,,,,,,,,,
TRC,,,,,,,,,
HAS,,,,,,,,,
STE,,,,,,,,,
PRSU,,,,,,,,,
FBP,,,,,,,,,
ADV,,,,,,,,,
FWONK,,,,,,,,,
SLGN,,,,,,,,,
HLT,,,,,,,,,
CARG,,,,,,,,,
BBSI,,,,,,,,,
OII,,,,,,,,,
AEE,,,,,,,,,
RRR,,,,,,,,,
OSBC,,,,,,,,,
JKHY,,,,,,,,,
ILPT,,,,,,,,,
WMT,,,,,,,,,
RPM,,,,,,,,,
CRGX,,,,,,,,,
BWB,,,,,,,,,
CUBE,,,,,,,,,
LXU,,,,,,,,,
PKE,,,,,,,,,
PEN,,,,,,,,,
KRG,,,,,,,,,
AMGN,,,,,,,,,
LAND,,,,,,,,,
AZEK,,,,,,,,,
INSM,,,,,,,,,
CNOB,,,,,,,,,
AMRX,,,,,,,,,
KEY,,,,,,,,,
O,,,,,,,,,
UNM,,,,,,,,,
NECB,,,,,,,,,
LAW,,,,,,,,,
SR,,,,,,,,,
PI,,,,,,,,,
PRG,,,,,,,,,
X,,,,,,,,,
BCAL,,,,,,,,,
AVIR,,,,,,,,,
CERT,,,,,,,,,
LMT,,,,,,,,,
GRND,,,,,,,,,
KKR,,,,,,,,,
NBHC,,,,,,,,,
KIM,,,,,,,,,
BAX,,,,,,,,,
SANM,,,,,,,,,
RBLX,,,,,,,,,
MRSN,,,,,,,,,
NWN,,,,,,,,,
MBWM,,,,,,,,,
LNN,,,,,,,,,
RGR,,,,,,,,,
THFF,,,,,,,,,
NTB,,,,,,,,,
LMB,,,,,,,,,
SFIX,,,,,,,,,
FTRE,,,,,,,,,
EXTR,,,,,,,,,
GPC,,,,,,,,,
IRBT,,,,,,,,,
CLVT,,,,,,,,,
PH,,,,,,,,,
AVGO,,,,,,,,,
KEX,,,,,,,,,
WSBC,,,,,,,,,
REGN,,,,,,,,,
WTW,,,,,,,,,
SD,,,,,,,,,
LOAR,,,,,,,,,
FR,,,,,,,,,
GRWG,,,,,,,,,
PSTG,,,,,,,,,
FSLR,,,,,,,,,
EXAS,,,,,,,,,
FE,,,,,,,,,
WMB,,,,,,,,,
CRGY,,,,,,,,,
NAT,,,,,,,,,
CLNE,,,,,,,,,
FORR,,,,,,,,,
STBA,,,,,,,,,
HY,,,,,,,,,
EQR,,,,,,,,,
FULT,,,,,,,,,
HBNC,,,,,,,,,
HON,,,,,,,,,
SEMR,,,,,,,,,
NSSC,,,,,,,,,
AES,,,,,,,,,
FULC,,,,,,,,,
DYN,,,,,,,,,
ARHS,,,,,,,,,
BUSE,,,,,,,,,
AGL,,,,,,,,,
IMXI,,,,,,,,,
TWST,,,,,,,,,
NDSN,,,,,,,,,
AIG,,,,,,,,,
HBI,,,,,,,,,
DXPE,,,,,,,,,
DVA,,,,,,,,,
RHLD,,,,,,,,,
TRU,,,,,,,,,
AIP,,,,,,,,,
IONQ,,,,,,,,,
PLUG,,,,,,,,,
GOOG,,,,,,,,,
HAE,,,,,,,,,
SNPS,,,,,,,,,
EPAM,,,,,,,,,
OFG,,,,,,,,,
MVIS,,,,,,,,,
ZIP,,,,,,,,,
USLM,,,,,,,,,
DBD,,,,,,,,,
NTNX,,,,,,,,,
SBRA,,,,,,,,,
RAPT,,,,,,,,,
PRIM,,,,,,,,,
MODV,,,,,,,,,
FYBR,,,,,,,,,
FLYW,,,,,,,,,
PLAB,,,,,,,,,
AGIO,,,,,,,,,
CTRI,,,,,,,,,
TGT,,,,,,,,,
XRX,,,,,,,,,
TRUP,,,,,,,,,
DLX,,,,,,,,,
DOC,,,,,,,,,
HZO,,,,,,,,,
SLB,,,,,,,,,
MEI,,,,,,,,,
SEZL,,,,,,,,,
SKWD,,,,,,,,,
SON,,,,,,,,,
SLRN,,,,,,,,,
TILE,,,,,,,,,
AGEN,,,,,,,,,
FTI,,,,,,,,,
DOV,,,,,,,,,
ZION,,,,,,,,,
PRGS,,,,,,,,,
XMTR,,,,,,,,,
BYRN,,,,,,,,,
APP,,,,,,,,,
LBTYK,,,,,,,,,
JBI,,,,,,,,,
COHR,,,,,,,,,
APG,,,,,,,,,
RDNT,,,,,,,,,
NATL,,,,,,,,,
NCLH,,,,,,,,,
CSTM,,,,,,,,,
BLFS,,,,,,,,,
CDW,,,,,,,,,
MTRN,,,,,,,,,
JNJ,,,,,,,,,
ALXO,,,,,,,,,
TRUE,,,,,,,,,
SPNS,,,,,,,,,
FLO,,,,,,,,,
IONS,,,,,,,,,
HBAN,,,,,,,,,
CRM,,,,,,,,,
AIR,,,,,,,,,
MORN,,,,,,,,,
EGBN,,,,,,,,,
TPH,,,,,,,,,
TEAM,,,,,,,,,
PKST,,,,,,,,,
MARA,,,,,,,,,
OPRX,,,,,,,,,
CARS,,,,,,,,,
TRNO,,,,,,,,,
TENB,,,,,,,,,
IEX,,,,,,,,,
OCFC,,,,,,,,,
PHLT,,,,,,,,,
EPC,,,,,,,,,
BWA,,,,,,,,,
KW,,,,,,,,,
GIC,,,,,,,,,
HL,,,,,,,,,
FG,,,,,,,,,
PGR,,,,,,,,,
WAT,,,,,,,,,
HASI,,,,,,,,,
DX,,,,,,,,,
CPRX,,,,,,,,,
LOCO,,,,,,,,,
NNN,,,,,,,,,
GT,,,,,,,,,
BCAX,,,,,,,,,
CNNE,,,,,,,,,
FFBC,,,,,,,,,
L,,,,,,,,,
PPL,,,,,,,,,
SF,,,,,,,,,
BLK,,,,,,,,,
NXT,,,,,,,,,
BBW,,,,,,,,,
VRTS,,,,,,,,,
RGP,,,,,,,,,
ASTH,,,,,,,,,
BMBL,,,,,,,,,
UAA,,,,,,,,,
IBKR,,,,,,,,,
NWL,,,,,,,,,
REX,,,,,,,,,
NUS,,,,,,,,,
EFX,,,,,,,,,
MIDD,,,,,,,,,
FCPT,,,,,,,,,
NGVC,,,,,,,,,
KTOS,,,,,,,,,
ATRO,,,,,,,,,
NUE,,,,,,,,,
TALO,,,,,,,,,
NGVT,,,,,,,,,
KGS,,,,,,,,,
PK,,,,,,,,,
BMY,,,,,,,,,
Z,,,,,,,,,
PSA,,,,,,,,,
SG,,,,,,,,,
LAB,,,,,,,,,
REFI,,,,,,,,,
RHI,,,,,,,,,
M,,,,,,,,,
RC,,,,,,,,,
PCRX,,,,,,,,,
WAB,,,,,,,,,
NGNE,,,,,,,,,
PAHC,,,,,,,,,
DY,,,,,,,,,
GEV,,,,,,,,,
AMED,,,,,,,,,
ESPR,,,,,,,,,
LTC,,,,,,,,,
BANC,,,,,,,,,
PKG,,,,,,,,,
SDGR,,,,,,,,,
OSCR,,,,,,,,,
PJT,,,,,,,,,
BVS,,,,,,,,,
ADC,,,,,,,,,
AGX,,,,,,,,,
QCOM,,,,,,,,,
CARE,,,,,,,,,
MASS,,,,,,,,,
VTLE,,,,,,,,,
TRMB,,,,,,,,,
HNI,,,,,,,,,
TGTX,,,,,,,,,
DASH,,,,,,,,,
HUMA,,,,,,,,,
CARR,,,,,,,,,
AGO,,,,,,,,,
MRC,,,,,,,,,
ADT,,,,,,,,,
AEP,,,,,,,,,
FNF,,,,,,,,,
DCGO,,,,,,,,,
ALNT,,,,,,,,,
PLUS,,,,,,,,,
CPS,,,,,,,,,
SWK,,,,,,,,,
TRV,,,,,,,,,
CRL,,,,,,,,,
GOOD,,,,,,,,,
FRPH,,,,,,,,,
TGNA,,,,,,,,,
HUT,,,,,,,,,
JAKK,,,,,,,,,
CSTL,,,,,,,,,
ORA,,,,,,,,,
ROST,,,,,,,,,
BLKB,,,,,,,,,
FUL,,,,,,,,,
SMR,,,,,,,,,
THO,,,,,,,,,
CVGI,,,,,,,,,
VRT,,,,,,,,,
MMSI,,,,,,,,,
MDXG,,,,,,,,,
DOW,,,,,,,,,
RXST,,,,,,,,,
CHX,,,,,,,,,
PLNT,,,,,,,,,
MDT,,,,,,,,,
CADE,,,,,,,,,
EYPT,,,,,,,,,
MEG,,,,,,,,,
COKE,,,,,,,,,
CMRE,,,,,,,,,
RARE,,,,,,,,,
MOFG,,,,,,,,,
MKL,,,,,,,,,
HUN,,,,,,,,,
DAKT,,,,,,,,,
SNDX,,,,,,,,,
TER,,,,,,,,,
NSIT,,,,,,,,,
TGLS,,,,,,,,,
HLMN,,,,,,,,,
EPAC,,,,,,,,,
COST,,,,,,,,,
MSBI,,,,,,,,,
FOX,,,,,,,,,
FLNG,,,,,,,,,
CSR,,,,,,,,,
HCC,,,,,,,,,
ALNY,,,,,,,,,
FISI,,,,,,,,,
MASI,,,,,,,,,
APPN,,,,,,,,,
SXI,,,,,,,,,
ULTA,,,,,,,,,
THRM,,,,,,,,,
GLPI,,,,,,,,,
UTL,,,,,,,,,
LQDT,,,,,,,,,
EVCM,,,,,,,,,
BUR,,,,,,,,,
QNST,,,,,,,,,
TCBK,,,,,,,,,
GO,,,,,,,,,
DT,,,,,,,,,
TCMD,,,,,,,,,
UWMC,,,,,,,,,
STLD,,,,,,,,,
EG,,,,,,,,,
CPRT,,,,,,,,,
ECVT,,,,,,,,,
SMCI,,,,,,,,,
TTMI,,,,,,,,,
AMPH,,,,,,,,,
WTFC,,,,,,,,,
GNRC,,,,,,,,,
W,,,,,,,,,
AXGN,,,,,,,,,
UPST,,,,,,,,,
HCSG,,,,,,,,,
LNW,,,,,,,,,
OSUR,,,,,,,,,
CRSR,,,,,,,,,
KVUE,,,,,,,,,
ASTS,,,,,,,,,
UAL,,,,,,,,,
EGP,,,,,,,,,
RPRX,,,,,,,,,
BFST,,,,,,,,,
EFC,,,,,,,,,
ATRC,,,,,,,,,
CIFR,,,,,,,,,
ASTE,,,,,,,,,
PARA,,,,,,,,,
CNMD,,,,,,,,,
AVDL,,,,,,,,,
V,,,,,,,,,
PG,,,,,,,,,
DNLI,,,,,,,,,
PRI,,,,,,,,,
PTGX,,,,,,,,,
BTBT,,,,,,,,,
A,,,,,,,,,
NOG,,,,,,,,,
WTRG,,,,,,,,,
FDMT,,,,,,,,,
RIGL,,,,,,,,,
WAY,,,,,,,,,
BXC,,,,,,,,,
IE,,,,,,,,,
WOR,,,,,,,,,
SMMT,,,,,,,,,
AORT,,,,,,,,,
ACDC,,,,,,,,,
IR,,,,,,,,,
ADBE,,,,,,,,,
UVE,,,,,,,,,
UTZ,,,,,,,,,
CYTK,,,,,,,,,
RDUS,,,,,,,,,
LYFT,,,,,,,,,
AFG,,,,,,,,,
HOV,,,,,,,,,
PGEN,,,,,,,,,
NVCR,,,,,,,,,
TECH,,,,,,,,,
VIR,,,,,,,,,
TPR,,,,,,,,,
LINC,,,,,,,,,
NABL,,,,,,,,,
DVN,,,,,,,,,
ROIV,,,,,,,,,
ONTF,,,,,,,,,
HUBB,,,,,,,,,
SITE,,,,,,,,,
SVC,,,,,,,,,
SKYW,,,,,,,,,
CFR,,,,,,,,,
DCO,,,,,,,,,
ANAB,,,,,,,,,
NAVI,,,,,,,,,
TDW,,,,,,,,,
GTLS,,,,,,,,,
HVT,,,,,,,,,
MSTR,,,,,,,,,
FRSH,,,,,,,,,
TNET,,,,,,,,,
MIR,,,,,,,,,
MGY,,,,,,,,,
MDB,,,,,,,,,
SLM,,,,,,,,,
TKO,,,,,,,,,
FLWS,,,,,,,,,
MDU,,,,,,,,,
BRBR,,,,,,,,,
THC,,,,,,,,,
VPG,,,,,,,,,
SOC,,,,,,,,,
DLB,,,,,,,,,
COIN,,,,,,,,,
ANNX,,,,,,,,,
BRCC,,,,,,,,,
ARW,,,,,,,,,
IMMR,,,,,,,,,
APH,,,,,,,,,
MED,,,,,,,,,
IHRT,,,,,,,,,
PGRE,,,,,,,,,
HUM,,,,,,,,,
OSK,,,,,,,,,
CFG,,,,,,,,,
GATX,,,,,,,,,
MTSR,,,,,,,,,
CODI,,,,,,,,,
RUSHA,,,,,,,,,
DAR,,,,,,,,,
DBI,,,,,,,,,
NCNO,,,,,,,,,
SAH,,,,,,,,,
OGN,,,,,,,,,
TITN,,,,,,,,,
NVAX,,,,,,,,,
TPG,,,,,,,,,
GOLF,,,,,,,,,
DORM,,,,,,,,,
ABBV,,,,,,,,,
ALLE,,,,,,,,,
SVV,,,,,,,,,
BILL,,,,,,,,,
WERN,,,,,,,,,
BURL,,,,,,,,,
MSI,,,,,,,,,
CDNA,,,,,,,,,
FCX,,,,,,,,,
ABNB,,,,,,,,,
SYY,,,,,,,,,
ALAB,,,,,,,,,
FBK,,,,,,,,,
HLX,,,,,,,,,
TRML,,,,,,,,,
ADM,,,,,,,,,
FTDR,,,,,,,,,
WNC,,,,,,,,,
IP,,,,,,,,,
MEDP,,,,,,,,,
KO,,,,,,,,,
FCEL,,,,,,,,,
VECO,,,,,,,,,
HOPE,,,,,,,,,
FSBC,,,,,,,,,
THRY,,,,,,,,,
PHR,,,,,,,,,
CRDO,,,,,,,,,
EQH,,,,,,,,,
WLK,,,,,,,,,
BXMT,,,,,,,,,
ADCT,,,,,,,,,
BTU,,,,,,,,,
CUBI,,,,,,,,,
FAST,,,,,,,,,
CLBK,,,,,,,,,
GGG,,,,,,,,,
ES,,,,,,,,,
STOK,,,,,,,,,
GL,,,,,,,,,
FFWM,,,,,,,,,
PEB,,,,,,,,,
WAL,,,,,,,,,
ED,,,,,,,,,
IRTC,,,,,,,,,
GEO,,,,,,,,,
EVLV,,,,,,,,,
ESRT,,,,,,,,,
PPC,,,,,,,,,
C,,,,,,,,,
SMTC,,,,,,,,,
PSX,,,,,,,,,
LMNR,,,,,,,,,
WVE,,,,,,,,,
BLD,,,,,,,,,
PR,,,,,,,,,
YORW,,,,,,,,,
GPN,,,,,,,,,
AMRC,,,,,,,,,
KFY,,,,,,,,,
RHP,,,,,,,,,
T,,,,,,,,,
BNL,,,,,,,,,
CWCO,,,,,,,,,
BOH,,,,,,,,,
GRBK,,,,,,,,,
PRK,,,,,,,,,
SONO,,,,,,,,,
BAC,,,,,,,,,
LNT,,,,,,,,,
SHEN,,,,,,,,,
XPOF,,,,,,,,,
MLYS,,,,,,,,,
LNC,,,,,,,,,
VNDA,,,,,,,,,
SANA,,,,,,,,,
AHCO,,,,,,,,,
BBY,,,,,,,,,
ULH,,,,,,,,,
WWW,,,,,,,,,
INSW,,,,,,,,,
LAZ,,,,,,,,,
PD,,,,,,,,,
AMSF,,,,,,,,,
U,,,,,,,,,
PSN,,,,,,,,,
WDAY,,,,,,,,,
LMND,,,,,,,,,
KDP,,,,,,,,,
EIX,,,,,,,,,
RL,,,,,,,,,
AVDX,,,,,,,,,
GEN,,,,,,,,,
JBLU,,,,,,,,,
LAMR,,,,,,,,,
VRNS,,,,,,,,,
INDI,,,,,,,,,
INGR,,,,,,,,,
HCKT,,,,,,,,,
BZH,,,,,,,,,
EE,,,,,,,,,
DV,,,,,,,,,
GM,,,,,,,,,
LVS,,,,,,,,,
WBA,,,,,,,,,
INFA,,,,,,,,,
BYD,,,,,,,,,
ACHC,,,,,,,,,
FI,,,,,,,,,
TSHA,,,,,,,,,
TCBI,,,,,,,,,
XRAY,,,,,,,,,
EPM,,,,,,,,,
STAA,,,,,,,,,
ACGL,,,,,,,,,
BJRI,,,,,,,,,
KN,,,,,,,,,
LQDA,,,,,,,,,
KURA,,,,,,,,,
AEHR,,,,,,,,,
MDLZ,,,,,,,,,
FCN,,,,,,,,,
FAF,,,,,,,,,
OIS,,,,,,,,,
CASY,,,,,,,,,
LYEL,,,,,,,,,
HCA,,,,,,,,,
CPK,,,,,,,,,
TRN,,,,,,,,,
VSEC,,,,,,,,,
GABC,,,,,,,,,
CRC,,,,,,,,,
AJG,,,,,,,,,
DTE,,,,,,,,,
IAUX,,,,,,,,,
ZBRA,,,,,,,,,
SKYT,,,,,,,,,
PLAY,,,,,,,,,
TDC,,,,,,,,,
CTRE,,,,,,,,,
HTH,,,,,,,,,
JLL,,,,,,,,,
SBSI,,,,,,,,,
LENZ,,,,,,,,,
TRTX,,,,,,,,,
UVSP,,,,,,,,,
CMPX,,,,,,,,,
VSH,,,,,,,,,
RCEL,,,,,,,,,
APGE,,,,,,,,,
CMPO,,,,,,,,,
DOX,,,,,,,,,
BKNG,,,,,,,,,
MGM,,,,,,,,,
LBTYA,,,,,,,,,
CIM,,,,,,,,,
ARR,,,,,,,,,
NOVA,,,,,,,,,
THS,,,,,,,,,
ARE,,,,,,,,,
VTYX,,,,,,,,,
ENPH,,,,,,,,,
KNSA,,,,,,,,,
RCKT,,,,,,,,,
WULF,,,,,,,,,
VCTR,,,,,,,,,
SAM,,,,,,,,,
TBPH,,,,,,,,,
CENTA,,,,,,,,,
XPO,,,,,,,,,
MCRI,,,,,,,,,
TFX,,,,,,,,,
FRPT,,,,,,,,,
SWKS,,,,,,,,,
CTRA,,,,,,,,,
TDG,,,,,,,,,
BLFY,,,,,,,,,
FLR,,,,,,,,,
SPXC,,,,,,,,,
TSN,,,,,,,,,
OEC,,,,,,,,,
LIND,,,,,,,,,
KRYS,,,,,,,,,
ODP,,,,,,,,,
PLTK,,,,,,,,,
ARDX,,,,,,,,,
TPB,,,,,,,,,
OLMA,,,,,,,,,
CDNS,,,,,,,,,
AGS,,,,,,,,,
SYK,,,,,,,,,
BPOP,,,,,,,,,
HMN,,,,,,,,,
MPW,,,,,,,,,
MCHP,,,,,,,,,
ICUI,,,,,,,,,
GHM,,,,,,,,,
FORM,,,,,,,,,
BOOT,,,,,,,,,
IDA,,,,,,,,,
DNTH,,,,,,,,,
ESE,,,,,,,,,
ATGE,,,,,,,,,
IPAR,,,,,,,,,
RPD,,,,,,,,,
WLY,,,,,,,,,
AXSM,,,,,,,,,
EA,,,,,,,,,
PODD,,,,,,,,,
PEP,,,,,,,,,
SMBK,,,,,,,,,
GPMT,,,,,,,,,
DE,,,,,,,,,
GETY,,,,,,,,,
NOW,,,,,,,,,
LTH,,,,,,,,,
REPX,,,,,,,,,
TVTX,,,,,,,,,
ACIC,,,,,,,,,
GFF,,,,,,,,,
PEG,,,,,,,,,
UMH,,,,,,,,,
GPK,,,,,,,,,
AMPY,,,,,,,,,
F,,,,,,,,,
QS,,,,,,,,,
RH,,,,,,,,,
GRC,,,,,,,,,
WWD,,,,,,,,,
LOB,,,,,,,,,
LLY,,,,,,,,,
TFIN,,,,,,,,,
QRVO,,,,,,,,,
CIEN,,,,,,,,,
DESP,,,,,,,,,
NBIX,,,,,,,,,
EVTC,,,,,,,,,
UCB,,,,,,,,,
NVT,,,,,,,,,
VRTX,,,,,,,,,
VYGR,,,,,,,,,
IQV,,,,,,,,,
IRM,,,,,,,,,
RES,,,,,,,,,
BCO,,,,,,,,,
LNG,,,,,,,,,
ADTN,,,,,,,,,
RLAY,,,,,,,,,
RIG,,,,,,,,,
SM,,,,,,,,,
INSE,,,,,,,,,
HAFC,,,,,,,,,
G,,,,,,,,,
PPG,,,,,,,,,
AMSC,,,,,,,,,
PRO,,,,,,,,,
MGEE,,,,,,,,,
WTI,,,,,,,,,
LOVE,,,,,,,,,
EQIX,,,,,,,,,
ASLE,,,,,,,,,
GH,,,,,,,,,
EW,,,,,,,,,
FL,,,,,,,,,
PGY,,,,,,,,,
WBD,,,,,,,,,
NOV,,,,,,,,,
CNXC,,,,,,,,,
NNE,,,,,,,,,
DD,,,,,,,,,
WBS,,,,,,,,,
FCFS,,,,,,,,,
HP,,,,,,,,,
AMKR,,,,,,,,,
IT,,,,,,,,,
LZB,,,,,,,,,
HG,,,,,,,,,
GILD,,,,,,,,,
ESS,,,,,,,,,
RSI,,,,,,,,,
WMK,,,,,,,,,
DXC,,,,,,,,,
CTKB,,,,,,,,,
MSM,,,,,,,,,
PLYM,,,,,,,,,
ADI,,,,,,,,,
HOG,,,,,,,,,
TRNS,,,,,,,,,
ISRG,,,,,,,,,
TROW,,,,,,,,,
AEIS,,,,,,,,,
TPC,,,,,,,,,
SITC,,,,,,,,,
SBGI,,,,,,,,,
UFCS,,,,,,,,,
STZ,,,,,,,,,
HAL,,,,,,,,,
TYRA,,,,,,,,,
HLNE,,,,,,,,,
LINE,,,,,,,,,
SUI,,,,,,,,,
BRZE,,,,,,,,,
CSCO,,,,,,,,,
FLS,,,,,,,,,
HUBS,,,,,,,,,
AIN,,,,,,,,,
GTLB,,,,,,,,,
SPOK,,,,,,,,,
BBIO,,,,,,,,,
CHCO,,,,,,,,,
BROS,,,,,,,,,
JOE,,,,,,,,,
HTZ,,,,,,,,,
ORRF,,,,,,,,,
CCSI,,,,,,,,,
SIBN,,,,,,,,,
DCI,,,,,,,,,
FERG,,,,,,,,,
SCS,,,,,,,,,
PLOW,,,,,,,,,
METCB,,,,,,,,,
ALTG,,,,,,,,,
LECO,,,,,,,,,
PRGO,,,,,,,,,
THR,,,,,,,,,
CHH,,,,,,,,,
IMNM,,,,,,,,,
VCYT,,,,,,,,,
ERAS,,,,,,,,,
SNV,,,,,,,,,
NTCT,,,,,,,,,
ENSG,,,,,,,,,
THG,,,,,,,,,
ASB,,,,,,,,,
HXL,,,,,,,,,
SNA,,,,,,,,,
TJX,,,,,,,,,
QTTB,,,,,,,,,
TDS,,,,,,,,,
HWC,,,,,,,,,
KRNY,,,,,,,,,
BLDR,,,,,,,,,
TNGX,,,,,,,,,
ORI,,,,,,,,,
COGT,,,,,,,,,
DBX,,,,,,,,,
ZEUS,,,,,,,,,
BLDE,,,,,,,,,
AHH,,,,,,,,,
CRS,,,,,,,,,
JXN,,,,,,,,,
CAPR,,,,,,,,,
MPC,,,,,,,,,
AEO,,,,,,,,,
HLI,,,,,,,,,
CDLX,,,,,,,,,
MRK,,,,,,,,,
KRUS,,,,,,,,,
FWONA,,,,,,,,,
HE,,,,,,,,,
ATEN,,,,,,,,,
UTI,,,,,,,,,
MLNK,,,,,,,,,
CBAN,,,,,,,,,
KELYA,,,,,,,,,
PAGS,,,,,,,,,
UVV,,,,,,,,,
ESQ,,,,,,,,,
RRX,,,,,,,,,
HR,,,,,,,,,
OCGN,,,,,,,,,
FSLY,,,,,,,,,
PSTL,,,,,,,,,
ACIW,,,,,,,,,
ETWO,,,,,,,,,
BXP,,,,,,,,,
VRNT,,,,,,,,,
REPL,,,,,,,,,
NOC,,,,,,,,,
EB,,,,,,,,,
ATKR,,,,,,,,,
UUUU,,,,,,,,,
CBOE,,,,,,,,,
FN,,,,,,,,,
EU,,,,,,,,,
VKTX,,,,,,,,,
INSP,,,,,,,,,
PRM,,,,,,,,,
SOLV,,,,,,,,,
R,,,,,,,,,
UNP,,,,,,,,,
AFCG,,,,,,,,,
TXNM,,,,,,,,,
SO,,,,,,,,,
SABR,,,,,,,,,
PARR,,,,,,,,,
IPG,,,,,,,,,
KHC,,,,,,,,,
HSTM,,,,,,,,,
HAIN,,,,,,,,,
NWE,,,,,,,,,
ASUR,,,,,,,,,
SDRL,,,,,,,,,
WASH,,,,,,,,,
LOW,,,,,,,,,
NWS,,,,,,,,,
DGII,,,,,,,,,
GWRE,,,,,,,,,
VICR,,,,,,,,,
REG,,,,,,,,,
IRON,,,,,,,,,
DGICA,,,,,,,,,
LAUR,,,,,,,,,
EDIT,,,,,,,,,
LFST,,,,,,,,,
LSEA,,,,,,,,,
D,,,,,,,,,
UNF,,,,,,,,,
BOX,,,,,,,,,
MNMD,,,,,,,,,
SN,,,,,,,,,
AMPL,,,,,,,,,
S,,,,,,,,,
GPI,,,,,,,,,
ESGR,,,,,,,,,
PB,,,,,,,,,
DNOW,,,,,,,,,
RBBN,,,,,,,,,
WCC,,,,,,,,,
ADNT,,,,,,,,,
NLY,,,,,,,,,
SAVA,,,,,,,,,
ACHR,,,,,,,,,
GFS,,,,,,,,,
DG,,,,,,,,,
IBRX,,,,,,,,,
TCBX,,,,,,,,,
EOLS,,,,,,,,,
IDT,,,,,,,,,
ATEX,,,,,,,,,
NBR,,,,,,,,,
VITL,,,,,,,,,
RGEN,,,,,,,,,
WNS,,,,,,,,,
NKTX,,,,,,,,,
STAG,,,,,,,,,
HD,,,,,,,,,
NEXT,,,,,,,,,
GLRE,,,,,,,,,
WOW,,,,,,,,,
MPB,,,,,,,,,
CASH,,,,,,,,,
TRMK,,,,,,,,,
LBRT,,,,,,,,,
AIZ,,,,,,,,,
FLNC,,,,,,,,,
HUBG,,,,,,,,,
CORT,,,,,,,,,
CHTR,,,,,,,,,
ABCB,,,,,,,,,
FLG,,,,,,,,,
MSCI,,,,,,,,,
FMC,,,,,,,,,
XEL,,,,,,,,,
AKR,,,,,,,,,
CSV,,,,,,,,,
QTWO,,,,,,,,,
SUPN,,,,,,,,,
SNEX,,,,,,,,,
SNDK,,,,,,,,,
UDMY,,,,,,,,,
AESI,,,,,,,,,
CCRN,,,,,,,,,
TGI,,,,,,,,,
ZETA,,,,,,,,,
CSWI,,,,,,,,,
NOVT,,,,,,,,,
PIPR,,,,,,,,,
MET,,,,,,,,,
ASC,,,,,,,,,
OPEN,,,,,,,,,
PEGA,,,,,,,,,
DLR,,,,,,,,,
FTV,,,,,,,,,
CIO,,,,,,,,,
CVGW,,,,,,,,,
APO,,,,,,,,,
MCS,,,,,,,,,
ANIK,,,,,,,,,
LYTS,,,,,,,,,
WRBY,,,,,,,,,
NDAQ,,,,,,,,,
MCD,,,,,,,,,
CVCO,,,,,,,,,
DOMO,,,,,,,,,
ELME,,,,,,,,,
PRCT,,,,,,,,,
DIN,,,,,,,,,
COLB,,,,,,,,,
FCNCA,,,,,,,,,
DFIN,,,,,,,,,
CAC,,,,,,,,,
HRI,,,,,,,,,
KLAC,,,,,,,,,
AURA,,,,,,,,,
LUNG,,,,,,,,,
CAT,,,,,,,,,
CALM,,,,,,,,,
BBNX,,,,,,,,,
DOCS,,,,,,,,,
SFL,,,,,,,,,
APLT,,,,,,,,,
CCK,,,,,,,,,
ERII,,,,,,,,,
MTCH,,,,,,,,,
ROOT,,,,,,,,,
PINS,,,,,,,,,
VNT,,,,,,,,,
CTBI,,,,,,,,,
GOOGL,,,,,,,,,
DRS,,,,,,,,,
SRI,,,,,,,,,
DAWN,,,,,,,,,
CMCO,,,,,,,,,
SLAB,,,,,,,,,
VAL,,,,,,,,,
MTZ,,,,,,,,,
ABM,,,,,,,,,
MWA,,,,,,,,,
ACI,,,,,,,,,
FELE,,,,,,,,,
ETD,,,,,,,,,
MO,,,,,,,,,
NYMT,,,,,,,,,
DKNG,,,,,,,,,
FTAI,,,,,,,,,
STGW,,,,,,,,,
MRCY,,,,,,,,,
GLW,,,,,,,,,
MYPS,,,,,,,,,
REZI,,,,,,,,,
BMRN,,,,,,,,,
GMS,,,,,,,,,
JBGS,,,,,,,,,
PNR,,,,,,,,,
WTTR,,,,,,,,,
AL,,,,,,,,,
ESTC,,,,,,,,,
UBSI,,,,,,,,,
STHO,,,,,,,,,
PBF,,,,,,,,,
GCO,,,,,,,,,
EXP,,,,,,,,,
JBIO,,,,,,,,,
EHAB,,,,,,,,,
RYN,,,,,,,,,
GAP,,,,,,,,,
XPER,,,,,,,,,
VLTO,,,,,,,,,
UI,,,,,,,,,
RNG,,,,,,,,,
ESAB,,,,,,,,,
POWW,,,,,,,,,
PWP,,,,,,,,,
SMRT,,,,,,,,,
PAYS,,,,,,,,,
INZY,,,,,,,,,
EVRG,,,,,,,,,
KMI,,,,,,,,,
BDX,,,,,,,,,
BGC,,,,,,,,,
LFUS,,,,,,,,,
STRA,,,,,,,,,
TDUP,,,,,,,,,
YMAB,,,,,,,,,
BDN,,,,,,,,,
ADPT,,,,,,,,,
LIF,,,,,,,,,
ASPN,,,,,,,,,
VRSN,,,,,,,,,
IBOC,,,,,,,,,
ZG,,,,,,,,,
ECL,,,,,,,,,
OTTR,,,,,,,,,
GPRE,,,,,,,,,
OCUL,,,,,,,,,
AMTB,,,,,,,,,
CWEN,,,,,,,,,
UIS,,,,,,,,,
UBER,,,,,,,,,
SFBS,,,,,,,,,
PANL,,,,,,,,,
CE,,,,,,,,,
CELH,,,,,,,,,
ATMU,,,,,,,,,
PCT,,,,,,,,,
BA,,,,,,,,,
CWST,,,,,,,,,
CR,,,,,,,,,
BV,,,,,,,,,
AMAT,,,,,,,,,
AM,,,,,,,,,
SARO,,,,,,,,,
RGNX,,,,,,,,,
JELD,,,,,,,,,
ETR,,,,,,,,,
PLL,,,,,,,,,
PACK,,,,,,,,,
GME,,,,,,,,,
NU,,,,,,,,,
MATX,,,,,,,,,
CXW,,,,,,,,,
ALDX,,,,,,,,,
HROW,,,,,,,,,
EGHT,,,,,,,,,
FBIN,,,,,,,,,
ALGT,,,,,,,,,
CTAS,,,,,,,,,
ZNTL,,,,,,,,,
MSEX,,,,,,,,,
SKIN,,,,,,,,,
PLRX,,,,,,,,,
AMT,,,,,,,,,
ALG,,,,,,,,,
MSFT,,,,,,,,,
ANSS,,,,,,,,,
ELVN,,,,,,,,,
JAZZ,,,,,,,,,
DPZ,,,,,,,,,
AMC,,,,,,,,,
SFM,,,,,,,,,
ARVN,,,,,,,,,
ABSI,,,,,,,,,
SGI,,,,,,,,,
AUPH,,,,,,,,,
MTUS,,,,,,,,,
QCRH,,,,,,,,,
CHDN,,,,,,,,,
DVAX,,,,,,,,,
DJT,,,,,,,,,
PECO,,,,,,,,,
CMTG,,,,,,,,,
CNM,,,,,,,,,
AUR,,,,,,,,,
BIRK,,,,,,,,,
BIPC,,,,,,,,,
DXLG,,,,,,,,,
OKTA,,,,,,,,,
LNTH,,,,,,,,,
CACC,,,,,,,,,
COMP,,,,,,,,,
ITGR,,,,,,,,,
OPCH,,,,,,,,,
CMA,,,,,,,,,
OXM,,,,,,,,,
OLPX,,,,,,,,,
SYNA,,,,,,,,,
CNX,,,,,,,,,
CMC,,,,,,,,,
MBC,,,,,,,,,
MAX,,,,,,,,,
DHI,,,,,,,,,
CNO,,,,,,,,,
OUST,,,,,,,,,
JAMF,,,,,,,,,
MOS,,,,,,,,,
ICHR,,,,,,,,,
HWKN,,,,,,,,,
TWLO,,,,,,,,,
HSY,,,,,,,,,
CBL,,,,,,,,,
CVLT,,,,,,,,,
MOD,,,,,,,,,
HURN,,,,,,,,,
FIX,,,,,,,,,
FIVE,,,,,,,,,
EWCZ,,,,,,,,,
ALE,,,,,,,,,
CCCC,,,,,,,,,
FLIC,,,,,,,,,
SPB,,,,,,,,,
SBCF,,,,,,,,,
NFBK,,,,,,,,,
CVI,,,,,,,,,
TBBK,,,,,,,,,
MSGE,,,,,,,,,
CMCL,,,,,,,,,
MTN,,,,,,,,,
PRVA,,,,,,,,,
HIW,,,,,,,,,
RAMP,,,,,,,,,
TRIP,,,,,,,,,
ONB,,,,,,,,,
SEIC,,,,,,,,,
CIVI,,,,,,,,,
LH,,,,,,,,,
INMD,,,,,,,,,
IBP,,,,,,,,,
LBRDK,,,,,,,,,
GNK,,,,,,,,,
RUN,,,,,,,,,
UPS,,,,,,,,,
NEE,,,,,,,,,
GLUE,,,,,,,,,
WDC,,,,,,,,,
LRN,,,,,,,,,
XPRO,,,,,,,,,
NBTB,,,,,,,,,
CRNX,,,,,,,,,
CG,,,,,,,,,
WGO,,,,,,,,,
NPKI,,,,,,,,,
TARS,,,,,,,,,
INBK,,,,,,,,,
CRMT,,,,,,,,,
BC,,,,,,,,,
OMCL,,,,,,,,,
AX,,,,,,,,,
WU,,,,,,,,,
NLOP,,,,,,,,,
EME,,,,,,,,,
IRDM,,,,,,,,,
KAI,,,,,,,,,
KBR,,,,,,,,,
LEG,,,,,,,,,
NRDS,,,,,,,,,
AVAV,,,,,,,,,
EMR,,,,,,,,,
ELV,,,,,,,,,
HOOD,,,,,,,,,
MRVL,,,,,,,,,
EAF,,,,,,,,,
UPWK,,,,,,,,,
JRVR,,,,,,,,,
KNF,,,,,,,,,
BFS,,,,,,,,,
MYGN,,,,,,,,,
SHBI,,,,,,,,,
ZD,,,,,,,,,
CRUS,,,,,,,,,
BASE,,,,,,,,,
ZS,,,,,,,,,
IVT,,,,,,,,,
PWR,,,,,,,,,
UHT,,,,,,,,,
SHOO,,,,,,,,,
BKU,,,,,,,,,
RNR,,,,,,,,,
WSFS,,,,,,,,,
RITM,,,,,,,,,
INVX,,,,,,,,,
WT,,,,,,,,,
FATE,,,,,,,,,
LPG,,,,,,,,,
CENT,,,,,,,,,
EXR,,,,,,,,,
SVRA,,,,,,,,,
CF,,,,,,,,,
AQST,,,,,,,,,
ASIX,,,,,,,,,
INR,,,,,,,,,
EXE,,,,,,,,,
AN,,,,,,,,,
SCHW,,,,,,,,,
HSIC,,,,,,,,,
KWR,,,,,,,,,
INCY,,,,,,,,,
RGLD,,,,,,,,,
LLYVA,,,,,,,,,
HCAT,,,,,,,,,
ADEA,,,,,,,,,
TTEC,,,,,,,,,
RPAY,,,,,,,,,
SPSC,,,,,,,,,
YETI,,,,,,,,,
MTX,,,,,,,,,
AAT,,,,,,,,,
LILAK,,,,,,,,,
LGIH,,,,,,,,,
PRTH,,,,,,,,,
TXN,,,,,,,,,
CXT,,,,,,,,,
ZUMZ,,,,,,,,,
BWMN,,,,,,,,,
CCNE,,,,,,,,,
CAVA,,,,,,,,,
SPT,,,,,,,,,
FRBA,,,,,,,,,
SLNO,,,,,,,,,
GDYN,,,,,,,,,
IDXX,,,,,,,,,
MXL,,,,,,,,,
NVDA,,,,,,,,,
BIIB,,,,,,,,,
MSGS,,,,,,,,,
TRDA,,,,,,,,,
ALKT,,,,,,,,,
TREE,,,,,,,,,
NVEE,,,,,,,,,
CHRW,,,,,,,,,
GDOT,,,,,,,,,
LPRO,,,,,,,,,
LUNR,,,,,,,,,
EPRT,,,,,,,,,
CCI,,,,,,,,,
SYBT,,,,,,,,,
JHG,,,,,,,,,
RMBS,,,,,,,,,
MLI,,,,,,,,,
CBZ,,,,,,,,,
CALX,,,,,,,,,
COCO,,,,,,,,,
MMM,,,,,,,,,
UFPT,,,,,,,,,
ENTG,,,,,,,,,
DKS,,,,,,,,,
OXY,,,,,,,,,
TMO,,,,,,,,,
BLMN,,,,,,,,,
SJM,,,,,,,,,
ENVX,,,,,,,,,
NXRT,,,,,,,,,
TNC,,,,,,,,,
CLF,,,,,,,,,
MAN,,,,,,,,,
SLVM,,,,,,,,,
IOSP,,,,,,,,,
CON,,,,,,,,,
COLD,,,,,,,,,
MCB,,,,,,,,,
FSS,,,,,,,,,
CFFN,,,,,,,,,
QSI,,,,,,,,,
NXST,,,,,,,,,
CLB,,,,,,,,,
AUB,,,,,,,,,
AVY,,,,,,,,,
DOCU,,,,,,,,,
CAR,,,,,,,,,
MXCT,,,,,,,,,
LKFN,,,,,,,,,
HPP,,,,,,,,,
FBRT,,,,,,,,,
MMI,,,,,,,,,
OVV,,,,,,,,,
APLE,,,,,,,,,
MOV,,,,,,,,,
AZZ,,,,,,,,,
MLM,,,,,,,,,
SNCY,,,,,,,,,
JANX,,,,,,,,,
TTI,,,,,,,,,
CTS,,,,,,,,,
CWH,,,,,,,,,
CHRD,,,,,,,,,
FHN,,,,,,,,,
VMI,,,,,,,,,
HLIT,,,,,,,,,
CHRS,,,,,,,,,
SPG,,,,,,,,,
AMD,,,,,,,,,
SGRY,,,,,,,,,
BBUC,,,,,,,,,
AAP,,,,,,,,,
USPH,,,,,,,,,
OLO,,,,,,,,,
WHR,,,,,,,,,
LZ,,,,,,,,,
RWT,,,,,,,,,
NE,,,,,,,,,
CYRX,,,,,,,,,
URI,,,,,,,,,
MNST,,,,,,,,,
ODFL,,,,,,,,,
PNC,,,,,,,,,
RTX,,,,,,,,,
RIOT,,,,,,,,,
FMNB,,,,,,,,,
IMKTA,,,,,,,,,
NIC,,,,,,,,,
KODK,,,,,,,,,
ATNI,,,,,,,,,
CB,,,,,,,,,
GCI,,,,,,,,,
AVTR,,,,,,,,,
PCVX,,,,,,,,,
EYE,,,,,,,,,
NUVB,,,,,,,,,
DENN,,,,,,,,,
SHYF,,,,,,,,,
HONE,,,,,,,,,
WSO,,,,,,,,,
PTCT,,,,,,,,,
ELS,,,,,,,,,
PDFS,,,,,,,,,
VC,,,,,,,,,
RLI,,,,,,,,,
ATXS,,,,,,,,,
TK,,,,,,,,,
RNA,,,,,,,,,
WPC,,,,,,,,,
INTC,,,,,,,,,
LEU,,,,,,,,,
IBCP,,,,,,,,,
EAT,,,,,,,,,
IPSC,,,,,,,,,
VRRM,,,,,,,,,
KMX,,,,,,,,,
CRVL,,,,,,,,,
MRVI,,,,,,,,,
KOP,,,,,,,,,
CURB,,,,,,,,,
BMEA,,,,,,,,,
AMZN,,,,,,,,,
GEHC,,,,,,,,,
CEVA,,,,,,,,,
XERS,,,,,,,,,
RBC,,,,,,,,,
VERA,,,,,,,,,
LASR,,,,,,,,,
SAIC,,,,,,,,,
DBRG,,,,,,,,,
BGS,,,,,,,,,
VERV,,,,,,,,,
LCII,,,,,,,,,
UGI,,,,,,,,,
UDR,,,,,,,,,
MNKD,,,,,,,,,
OOMA,,,,,,,,,
PAYC,,,,,,,,,
BIO,,,,,,,,,
SMPL,,,,,,,,,
NBBK,,,,,,,,,
INTU,,,,,,,,,
WEC,,,,,,,,,
INBX,,,,,,,,,
ECPG,,,,,,,,,
CROX,,,,,,,,,
MGTX,,,,,,,,,
BG,,,,,,,,,
CLFD,,,,,,,,,
CC,,,,,,,,,
RYI,,,,,,,,,
WHD,,,,,,,,,
PFGC,,,,,,,,,
IPGP,,,,,,,,,
RILY,,,,,,,,,
TMHC,,,,,,,,,
EQBK,,,,,,,,,
IIIN,,,,,,,,,
DCOM,,,,,,,,,
OLN,,,,,,,,,
HRMY,,,,,,,,,
ACN,,,,,,,,,
MDGL,,,,,,,,,
NAGE,,,,,,,,,
AME,,,,,,,,,
ORCL,,,,,,,,,
DSP,,,,,,,,,
AMR,,,,,,,,,
GMRE,,,,,,,,,
CSGS,,,,,,,,,
PINC,,,,,,,,,
CVLG,,,,,,,,,
HPQ,,,,,,,,,
SEG,,,,,,,,,
SIGA,,,,,,,,,
BLBD,,,,,,,,,
APLD,,,,,,,,,
PENN,,,,,,,,,
SBUX,,,,,,,,,
NVRI,,,,,,,,,
AXS,,,,,,,,,
CCL,,,,,,,,,
APLS,,,,,,,,,
CMG,,,,,,,,,
ZYME,,,,,,,,,
SWBI,,,,,,,,,
ALRS,,,,,,,,,
EBAY,,,,,,,,,
CABA,,,,,,,,,
CNK,,,,,,,,,
AVO,,,,,,,,,
CMP,,,,,,,,,
SHW,,,,,,,,,
FPI,,,,,,,,,
USFD,,,,,,,,,
COO,,,,,,,,,
AWK,,,,,,,,,
PEBO,,,,,,,,,
FNKO,,,,,,,,,
AWI,,,,,,,,,
ATR,,,,,,,,,
JACK,,,,,,,,,
FRT,,,,,,,,,
SKY,,,,,,,,,
CME,,,,,,,,,
ZBH,,,,,,,,,
PYPL,,,,,,,,,
RMAX,,,,,,,,,
SGHC,,,,,,,,,
LUMN,,,,,,,,,
DFS,,,,,,,,,
HRL,,,,,,,,,
RVTY,,,,,,,,,
VYX,,,,,,,,,
AGNC,,,,,,,,,
SEE,,,,,,,,,
TPIC,,,,,,,,,
BYON,,,,,,,,,
SRDX,,,,,,,,,
AMP,,,,,,,,,
VCEL,,,,,,,,,
CWK,,,,,,,,,
ALT,,,,,,,,,
COUR,,,,,,,,,
CVX,,,,,,,,,
AMG,,,,,,,,,
NMRK,,,,,,,,,
TIPT,,,,,,,,,
ALKS,,,,,,,,,
VLY,,,,,,,,,
CTLP,,,,,,,,,
ALEX,,,,,,,,,
MTH,,,,,,,,,
XOM,,,,,,,,,
CATY,,,,,,,,,
PGNY,,,,,,,,,
HELE,,,,,,,,,
HAYW,,,,,,,,,
OB,,,,,,,,,
ICE,,,,,,,,,
PNW,,,,,,,,,
GIII,,,,,,,,,
STEM,,,,,,,,,
JNPR,,,,,,,,,
WOLF,,,,,,,,,
NET,,,,,,,,,
UPB,,,,,,,,,
AFRM,,,,,,,,,
BE,,,,,,,,,
RXO,,,,,,,,,
AMCX,,,,,,,,,
GERN,,,,,,,,,
PCG,,,,,,,,,
ACLX,,,,,,,,,
AI,,,,,,,,,
BR,,,,,,,,,
PAX,,,,,,,,,
FTNT,,,,,,,,,
EXPE,,,,,,,,,
RLJ,,,,,,,,,
INVH,,,,,,,,,
PCAR,,,,,,,,,
BKR,,,,,,,,,
LEA,,,,,,,,,
SHLS,,,,,,,,,
UHS,,,,,,,,,
WD,,,,,,,,,
URBN,,,,,,,,,
DIOD,,,,,,,,,
BKE,,,,,,,,,
WS,,,,,,,,,
TH,,,,,,,,,
LSCC,,,,,,,,,
SAIA,,,,,,,,,
BEN,,,,,,,,,
CBSH,,,,,,,,,
PTLO,,,,,,,,,
SFNC,,,,,,,,,
CBRL,,,,,,,,,
ADSK,,,,,,,,,
QLYS,,,,,,,,,
AAMI,,,,,,,,,
TSVT,,,,,,,,,
KOD,,,,,,,,,
JBSS,,,,,,,,,
FFIN,,,,,,,,,
UEC,,,,,,,,,
RBA,,,,,,,,,
KOS,,,,,,,,,
ACVA,,,,,,,,,
IVR,,,,,,,,,
OSPN,,,,,,,,,
MUSA,,,,,,,,,
XNCR,,,,,,,,,
VRSK,,,,,,,,,
BKD,,,,,,,,,
INTA,,,,,,,,,
ELF,,,,,,,,,
ROG,,,,,,,,,
WSM,,,,,,,,,
LOPE,,,,,,,,,
ROP,,,,,,,,,
EXPD,,,,,,,,,
HOLX,,,,,,,,,
CW,,,,,,,,,
GBX,,,,,,,,,
LXFR,,,,,,,,,
CRMD,,,,,,,,,
EXC,,,,,,,,,
CLDX,,,,,,,,,
DECK,,,,,,,,,
BATRA,,,,,,,,,
STEL,,,,,,,,,
EVH,,,,,,,,,
OC,,,,,,,,,
GNL,,,,,,,,,
WABC,,,,,,,,,
REXR,,,,,,,,,
NG,,,,,,,,,
POR,,,,,,,,,
OMI,,,,,,,,,
BBWI,,,,,,,,,
CATX,,,,,,,,,
ZTS,,,,,,,,,
FDX,,,,,,,,,
RCUS,,,,,,,,,
APTV,,,,,,,,,
ACM,,,,,,,,,
TYL,,,,,,,,,
HIG,,,,,,,,,
ALB,,,,,,,,,
DSGN,,,,,,,,,
HES,,,,,,,,,
CSGP,,,,,,,,,
AON,,,,,,,,,
TBCH,,,,,,,,,
BELFB,,,,,,,,,
VLO,,,,,,,,,
CCCS,,,,,,,,,
SPR,,,,,,,,,
WELL,,,,,,,,,
HRTX,,,,,,,,,
BRKL,,,,,,,,,
CAG,,,,,,,,,
AXP,,,,,,,,,
CCO,,,,,,,,,
SES,,,,,,,,,
DEI,,,,,,,,,
HPE,,,,,,,,,
WLDN,,,,,,,,,
DXCM,,,,,,,,,
CHGG,,,,,,,,,
AZO,,,,,,,,,
ICFI,,,,,,,,,
BLND,,,,,,,,,
SIG,,,,,,,,,
PRAX,,,,,,,,,
SKX,,,,,,,,,
SHC,,,,,,,,,
MCW,,,,,,,,,
CLW,,,,,,,,,
IDCC,,,,,,,,,
GSAT,,,,,,,,,
ENTA,,,,,,,,,
JEF,,,,,,,,,
CNH,,,,,,,,,
CMS,,,,,,,,,
VVV,,,,,,,,,
